e;Familie,-n;család
r;Urgroßvater,-s,-¨-;dédapa
s;Kind,-es,-er;gyerek
r;Sohn,-s,-¨-e;fia
e;Tochter,-¨-;lánya
r;Bruder,-s,-¨-;fiútestvér
e;Schwester,-n;lánytestvér
e;Tante,-n;nagynéni
r;Onkel,-s,-;nagybácsi
e;Kusine,-n;lány unokatestvér
r;Cousin,-s,-s;fiú unokatestvér
e;Schwiegermutter,-¨-;anyós
r;Enkel,-s,-;unoka
r;Bräutigam,-s,-e;vőlegény
e;Braut,-¨-e;menyasszony
r;Witwe,-n,-n;özvegy
r;Mann,-es,-¨-er;férj
e;Frau,-en;feleség
e;Stiefmutter,-¨-;mostoha anya