r;Garten,-s,-¨-;kert
e;Pflanze,-n;növény
r;Obstbaum,-s,-¨-e;gyümölcsfa
r;Walnussbaum,-s,-¨-e;diófa
e;Himbeere,-n;málna
e;Erdbeere,-n;földieper
r;Apfel,-s,-¨-;alma
e;Birne,-n;körte
r;Pfirsich,-s,-e;őszibarack
r;Aprikose,-n,-n;sárgabarack
e;Pflaume,-n;szilva
e;Kirsche,-n;meggy
e;Quitte,-n;birsalma
e;Banane,-n;banán
e;Orange,-n;narancs
e;Feige,-n;füge
e;Haselnuss,-¨e;mogyoró
r;Saft,-es,-¨-e;lé
s;Fass,-es,-¨-e;hordó
r;Wein,-es,-e;bor
e;Petersilie,-n;petrezselyem
e;Karotte,-n;sárgarépa
e;Gurke,-n;uborka
e;Tomate,-n;paradicsom
r;Paprika,-s;paprika
r;Kürbis,-es,-e;tök
e;Kartoffel,-n;burgonya
r;Mais,-es;kukorica
e;Frucht,-¨-e;gyümölcs
e;Linde,-n;hárs
e;Weide,-n;fűzfa
e;Kastanie,-n;gesztenye
e;Akazie,-n;akác