e;Lieblingsband,-s;kedvenc együttes
s;Haus,-es,-¨-er;ház
s;Hochhaus,-es,-¨-er;toronyház
e;Wohnung,-en;lakás
r;Turm,-s,-¨-er;torony
r;Wohnwagen,-s,-;lakókocsi
s;Zelt,-es,-e;sátor
s;Schloss,-es,-¨-er;kastély
e;Burg,-en;vár
r;Bauernhof,-es,-¨-e;tanya
s;Hotel,-s,-;hotel
e;Terrasse,-n;terasz
s;Erdgeschoss,-es,-e;földszint
r;Stock,-es,-¨-e;emelet
s;Vorzimmer,-s,-;előszoba
e;Flur,-en;folyosó
s;Bad,-es,-¨-er;fürdőszoba
e;Küche,-n;konyha
e;Toilette,-n;WC
e;Speisekammer,-n;spájz
r;Dachboden,-s,-¨-;padlás
r;Keller,-s,-;pince
r;Abstellraum,-s,-¨-e;kamra
s;Treppenhaus,-es,-¨-er;lépcsőház
s;Fenster,-s,-;ablak
e;Tür,-en;ajtó
s;Tor,-s,-e;kapu
e;Rollade,-n;redőny
r;Vorhang,-s,-¨-e;függöny
r;Schrank,-s,¨-e;szekrény
s;Regal,-s,-e;polc
s;Bett,-es,-en;ágy
r;Schreibtisch,-es,,-e;íróasztal
r;Teppich,-es,-e;szőnyeg
s;Radio,-s,-s;rádió
e;CD-Player,-s,-;CD lejátszó
s;Blumengestell,-es,-e;virágállvány
e;Wand,-¨-e;fal
s;Bild,-es,-er;kép
s;Poster,-s,-s;poszter
r;Computer,-s,-;számítógép
r;Sessel,-s,-;fotel
e;Vase,-n;váza
e;Stehlampe,-n;állólámpa
e;Sitzgruppe,-n;ülőgarnitúra
s;Putzmittel,-s,-;tisztítószer