r;Plan,-es,-¨e;terv
s;Baumetarial,-s,-ien;építőanyag
r;Preis,-es,-e;ár
r;Bürgermeister,-s,-;polgármester
e;Behörde,-n;hatóság
e;Einzelheit,-en;részlet
r;Kredit,-es,-e;hitel
r;Architekt,-en,-en;építész
s;Amt,-es,-¨er;hivatal
e;Mauer,Wand;fal
r;Maurer,-s,-;kőműves
r;Tischler,-s,-;asztalos
r;Maler,-s,-;festő
r;Installateur,-s,-e;szerelő
r;Elektriker,-s,-;villanyszerelő
s;Dach,-es,-¨er;tető
e;Stadt,-¨-e;város
s;Dorf,-s,-¨-er;falu
e;Luft,;levegő
s;Abgas,-es,-e;kipufogógáz
r;Park,-s,-s;park
r;Spielplatz,-es,-¨-e;játszótér
r;Nachbar,-n,-n;szomszéd
e;Fabrik,-en;gyár
s;Büro,-s,-s;iroda
e;Möglichkeit,-en;lehetőség
s;Theater,-s,-;színház
s;Kino,-s,-s;mozi
s;Konzert,-s,-e;koncert
s;Geschäft,-es,-e;üzlet
e;Konditorei,-en;cukrászda